Á¨¨‰∫åÂ≠£Â∫¶Ê≠åÂçï,6ÊúàÊ≠åÂçï,5ÊúàÊ≠åÂçï,ÂêëÊôöüê±Á≤æÈÄâ,Ë¥ùÊãâüê∞Á≤æÈÄâ,Áèà‰πêüê∫Á≤æÈÄâ,ÂòâÁÑ∂üêªÁ≤æÈÄâ,‰πÉÁê≥ü¶äÁ≤æÈÄâ,Â•ΩÊ∏©ÊöñÂïäüòá,Âä©Áú†Ê≠åÂçïüí§
A001021,A001156,A001102,A000509,A000930,A000383,A000021,A000931,A000190,A001069
A001020,A001161,A001128,A001021,A000934,A000248,A000936,A000932,A000179,A000381
A001069,A001169,A001129,A000933,A000174,A000623,A000939,A000937,A000245,A000285
A001129,A001177,A001132,A000510,A000173,A000929,A000940,A000942,A000288,A000965
A001156,A001190,A001141,A000254,A000205,A000935,A000002,A000816,A000326,A001021
A001161,A001159,A001126,A000283,A000222,A000947,A000764,A000034,A000325,A000731
A001169,A001163,A001134,A000354,A000235,A000347,A000037,A000064,A000375,A000960
A001057,A001178,A001135,A000605,A000234,A000257,A000062,A000158,A000424,A001058
A001061,A001188,A001140,A000709,A000274,A000448,A000188,A000180,A000498,A000347
A001083,A001198,A001104,A000794,A000271,A000785,A000202,A000198,A000523,A000678
A001126,A001199,A001106,A000085,A000341,A000855,A000216,A000220,A000688,A000713
A001134,A001208,A001131,A000139,A000353,A000728,A000218,A000225,A000754,A000021
A001159,A001209,A001137,A000193,A000370,A000512,A000259,A000251,A000768,A000386
A001198,A001164,A001143,A000230,A000388,A000247,A000287,A000249,A000791,A000062
A001199,A001183,A001146,A000229,A000439,A000040,A000309,A000279,A000807,A000314
A001208,A001202,A001118,A000263,A000456,A001044,A000308,A000280,A000875,A000279
A001044,A001210,A001119,A000285,A000974,A000996,A000386,A000293,A000975,A000499
A001065,A001154,A001105,A000286,A000927,A000918,A000441,A000941,A000990,A000914
A001067,A001165,A001110,A000356,A000526,A000730,A000457,A000348,A001022,A000729
A001091,A001166,A001125,A000355,A000550,A000559,A000594,A000429,A001073,
A001060,A001174,A001138,A000381,A000573,A000518,A000591,A000453,A000909,
A001104,A001175,A001124,A000469,A000577,A000496,A000592,A000486,A001112,
A001063,A001200,A001149,A000435,A000583,A000434,A000593,A000491,,
A001202,A001185,A001150,A000470,A000665,A000889,A000602,A000499,,
A001210,A001187,A001123,A000495,A000707,A000713,A000687,A000507,,
A001146,A001211,A001114,A000531,A000701,A000678,A000781,A000514,,
A001131,A001171,A001147,A000546,A000720,A000258,A000839,A000557,,
A001154,,A001152,A000571,A000732,A000016,A000972,A000582,,
A001165,,A001112,A000636,A000731,A001065,A000963,A000588,,
A001174,,,A000722,A000849,A001067,A001063,A000729,,
A001175,,,A000736,A000891,A000949,,A000989,,
A001185,,,A000859,A000892,A000567,,A000847,,
A001211,,,A000856,A000924,A000988,,A000884,,
A001147,,,A000894,A000960,A000748,,A000914,,
A001152,,,A000965,A001057,A000047,,A000970,,
A001149,,,A000984,A001061,A000158,,A001012,,
A001081,,,A000997,A001083,A000340,,,,
A001082,,,A001069,,A001112,,,,
A001105,,,,,,,,,
A001118,,,,,,,,,
A001058,,,,,,,,,
A001073,,,,,,,,,
A001112,,,,,,,,,